,Unnamed: 0,PLAYER_ID,SEASON_ID,LEAGUE_ID,TEAM_ID,TEAM_ABBREVIATION,PLAYER_AGE,GP,GS,MIN,FGM,FGA,FG_PCT,FG3M,FG3A,FG3_PCT,FTM,FTA,FT_PCT,OREB,DREB,REB,AST,STL,BLK,TOV,PF,PTS,name
0,6,203500,2019-20,0,1610612760,OKC,26.0,14,14,368.0,56,100,0.56,0,0,0.0,14,35,0.4,38,84,122,41,6,11,21,25,126,Steven Adams
1,2,1628389,2019-20,0,1610612748,MIA,22.0,17,17,551.0,89,148,0.601,1,6,0.16699999999999998,67,103,0.65,38,138,176,77,27,21,48,42,246,Bam Adebayo
2,13,200746,2019-20,0,1610612759,SAS,34.0,19,19,625.0,148,283,0.523,11,30,0.36700000000000005,53,64,0.828,40,86,126,43,12,32,33,41,360,LaMarcus Aldridge
3,0,1629638,2019-20,0,1610612740,NOP,21.0,16,0,230.0,36,112,0.321,21,61,0.344,10,14,0.7140000000000001,2,34,36,36,5,2,20,26,103,Nickeil Alexander-Walker
4,1,1628960,2019-20,0,1610612763,MEM,24.0,7,0,115.0,14,46,0.304,5,22,0.22699999999999998,10,12,0.833,1,16,17,13,2,0,9,12,43,Grayson Allen
5,2,1628386,2019-20,0,1610612751,BKN,21.0,19,16,505.0,89,132,0.674,0,1,0.0,49,86,0.57,65,132,197,21,13,25,23,47,227,Jarrett Allen
6,9,202329,2019-20,0,1610612753,ORL,29.0,17,2,362.0,23,79,0.29100000000000004,8,33,0.242,19,29,0.655,23,62,85,20,16,8,15,27,73,Al-Farouq Aminu
7,5,203937,2019-20,0,1610612763,MEM,26.0,16,0,334.0,47,91,0.516,4,16,0.25,16,28,0.5710000000000001,15,58,73,42,12,12,15,29,114,Kyle Anderson
8,13,201583,2019-20,0,1610612745,HOU,31.0,2,0,14.0,2,7,0.28600000000000003,1,5,0.2,0,0,0.0,0,7,7,2,1,0,1,1,5,Ryan Anderson
9,6,203507,2019-20,0,1610612749,MIL,24.0,18,18,595.0,205,366,0.56,25,85,0.294,124,211,0.588,48,198,246,112,27,26,77,65,559,Giannis Antetokounmpo
10,1,1628961,2019-20,0,1610612747,LAL,22.0,2,0,3.0,0,0,0.0,0,0,0.0,0,0,0.0,0,1,1,0,0,0,0,0,0,Kostas Antetokounmpo
11,1,203648,2019-20,0,1610612749,MIL,27.0,3,0,13.0,2,4,0.5,0,0,0.0,0,0,0.0,2,0,2,1,0,0,1,2,4,Thanasis Antetokounmpo
12,2,1628384,2019-20,0,1610612761,TOR,22.0,16,16,476.0,75,139,0.54,31,62,0.5,9,16,0.563,16,73,89,24,16,15,19,36,190,OG Anunoby
13,2,1627853,2019-20,0,1610612741,CHI,25.0,19,0,325.0,28,70,0.4,18,42,0.429,14,19,0.737,10,24,34,35,11,1,10,38,88,Ryan Arcidiacono
14,21,2772,2019-20,0,1610612758,SAC,34.0,11,0,228.0,15,42,0.35700000000000004,12,32,0.375,4,5,0.8,4,34,38,9,9,0,7,19,46,Trevor Ariza
15,17,201571,2019-20,0,1610612753,ORL,32.0,17,5,433.0,56,144,0.389,16,52,0.308,32,37,0.865,7,28,35,81,10,0,21,18,160,D.J. Augustin
16,1,1629028,2019-20,0,1610612756,PHX,21.0,1,1,33.0,9,14,0.643,0,0,0.0,0,0,0.0,3,8,11,0,1,4,0,2,18,Deandre Ayton
17,2,1628407,2019-20,0,1610612766,CHA,24.0,14,10,298.0,42,127,0.331,9,35,0.257,18,26,0.6920000000000001,7,30,37,19,12,2,18,26,111,Dwayne Bacon
18,1,1628963,2019-20,0,1610612758,SAC,20.0,1,1,28.0,6,16,0.375,0,0,0.0,2,4,0.5,4,6,10,0,1,1,1,1,14,Marvin Bagley III
19,2,1628366,2019-20,0,1610612740,NOP,22.0,11,8,298.0,46,119,0.387,24,70,0.34299999999999997,6,10,0.6,10,35,45,63,14,2,26,20,122,Lonzo Ball
20,1,1628964,2019-20,0,1610612753,ORL,21.0,15,0,226.0,31,79,0.392,11,29,0.379,2,6,0.33299999999999996,19,54,73,9,5,20,19,33,75,Mo Bamba
21,13,200826,2019-20,0,1610612742,DAL,35.0,3,0,44.0,13,25,0.52,7,10,0.7,2,2,1.0,1,3,4,6,2,1,4,1,35,J.J. Barea
22,9,203084,2019-20,0,1610612758,SAC,27.0,17,17,586.0,93,187,0.49700000000000005,27,68,0.397,58,74,0.784,18,67,85,36,16,4,22,23,271,Harrison Barnes
23,0,1629628,2019-20,0,1610612752,NYK,19.0,17,17,565.0,97,240,0.40399999999999997,19,57,0.33299999999999996,45,89,0.506,22,73,95,61,25,7,47,43,258,RJ Barrett
24,9,203115,2019-20,0,1610612743,DEN,28.0,14,14,451.0,81,176,0.46,28,62,0.452,27,36,0.75,27,71,98,47,13,7,18,29,217,Will Barton
25,1,1628966,2019-20,0,1610612750,MIN,23.0,7,0,125.0,23,41,0.561,11,24,0.45799999999999996,5,8,0.625,5,14,19,2,3,4,3,8,62,Keita Bates-Diop
26,11,201587,2019-20,0,1610612766,CHA,30.0,8,0,185.0,11,27,0.40700000000000003,7,21,0.33299999999999996,5,5,1.0,7,31,38,31,5,5,13,16,34,Nicolas Batum
27,7,203382,2019-20,0,1610612756,PHX,32.0,12,11,288.0,64,114,0.561,23,52,0.442,23,32,0.7190000000000001,18,49,67,37,4,9,13,47,174,Aron Baynes
28,9,203145,2019-20,0,1610612757,POR,30.0,19,2,433.0,47,141,0.33299999999999996,22,67,0.32799999999999996,26,34,0.765,8,76,84,37,16,14,28,58,142,Kent Bazemore
29,0,1629647,2019-20,0,1610612760,OKC,19.0,17,0,295.0,29,67,0.433,13,35,0.371,8,14,0.5710000000000001,7,57,64,9,6,7,14,16,79,Darius Bazley
30,7,203078,2019-20,0,1610612764,WAS,26.0,16,16,592.0,165,347,0.47600000000000003,47,133,0.353,86,105,0.8190000000000001,15,55,70,112,15,4,52,41,463,Bradley Beal
31,3,1627736,2019-20,0,1610612743,DEN,23.0,12,0,183.0,27,70,0.386,15,35,0.429,5,5,1.0,4,15,19,12,7,2,15,16,74,Malik Beasley
32,14,201158,2019-20,0,1610612759,SAS,33.0,18,0,293.0,32,111,0.28800000000000003,16,54,0.29600000000000004,10,16,0.625,1,25,26,28,5,0,9,14,90,Marco Belinelli
33,2,1628395,2019-20,0,1610612750,MIN,24.0,9,0,74.0,11,19,0.579,0,3,0.0,7,11,0.636,9,23,32,6,0,3,12,6,29,Jordan Bell
34,3,1627761,2019-20,0,1610612737,ATL,25.0,18,2,454.0,58,106,0.547,8,21,0.381,14,32,0.43799999999999994,17,57,74,53,28,7,30,40,138,DeAndre' Bembry
35,3,1627733,2019-20,0,1610612749,MIL,22.0,1,0,2.0,0,0,0.0,0,0,0.0,0,0,0.0,0,0,0,1,0,1,1,1,0,Dragan Bender
36,3,202722,2019-20,0,1610612764,WAS,27.0,16,0,441.0,70,154,0.455,54,122,0.44299999999999995,18,21,0.857,12,61,73,29,9,8,11,40,212,Davis Bertans
37,7,201976,2019-20,0,1610612746,LAC,31.0,17,17,507.0,47,128,0.36700000000000005,20,74,0.27,11,19,0.579,22,87,109,58,25,12,27,67,125,Patrick Beverley
38,2,203920,2019-20,0,1610612753,ORL,27.0,8,3,145.0,13,25,0.52,0,1,0.0,8,17,0.47100000000000003,11,18,29,2,2,1,3,17,34,Khem Birch
39,0,1629048,2019-20,0,1610612754,IND,20.0,12,2,189.0,26,53,0.491,4,11,0.364,14,19,0.737,16,30,46,14,1,18,9,28,70,Goga Bitadze
40,8,202687,2019-20,0,1610612766,CHA,27.0,17,2,264.0,52,82,0.634,0,0,0.0,32,57,0.561,24,41,65,12,6,12,9,34,136,Bismack Biyombo
41,4,202357,2019-20,0,1610612758,SAC,31.0,17,16,443.0,67,140,0.479,29,71,0.408,9,10,0.9,29,79,108,40,16,7,25,49,172,Nemanja Bjelica
42,11,202339,2019-20,0,1610612749,MIL,29.0,18,18,501.0,114,248,0.46,23,75,0.307,52,66,0.7879999999999999,19,74,93,99,15,7,41,49,303,Eric Bledsoe
43,2,203992,2019-20,0,1610612758,SAC,27.0,16,0,445.0,85,204,0.41700000000000004,46,117,0.39299999999999996,29,40,0.725,2,41,43,77,25,2,29,30,245,Bogdan Bogdanovic
44,7,202711,2019-20,0,1610612762,UTA,30.0,17,17,565.0,125,261,0.479,55,118,0.466,60,68,0.882,11,60,71,37,13,4,47,34,365,Bojan Bogdanovic
45,1,1628413,2019-20,0,1610612755,PHI,23.0,2,0,5.0,1,1,1.0,0,0,0.0,0,2,0.0,0,0,0,0,1,0,1,0,2,Jonah Bolden
46,0,1629648,2019-20,0,1610612765,DET,22.0,3,0,6.0,2,5,0.4,0,1,0.0,0,0,0.0,0,0,0,0,0,0,2,2,4,Jordan Bone
47,1,1629067,2019-20,0,1610612764,WAS,20.0,11,7,163.0,16,32,0.5,2,6,0.33299999999999996,6,9,0.667,7,21,28,13,7,2,6,22,40,Isaac Bonga
48,4,1626164,2019-20,0,1610612756,PHX,23.0,17,17,600.0,152,294,0.517,38,90,0.42200000000000004,81,85,0.953,7,54,61,106,9,6,71,55,423,Devin Booker
49,2,1628449,2019-20,0,1610612761,TOR,26.0,15,0,202.0,34,76,0.447,8,26,0.308,17,23,0.7390000000000001,37,39,76,9,5,13,6,26,93,Chris Boucher
50,0,1628968,2019-20,0,1610612754,IND,21.0,3,0,10.0,1,4,0.25,0,1,0.0,0,0,0.0,0,1,1,0,0,1,0,0,2,Brian Bowen II
51,0,1629065,2019-20,0,1610612744,GSW,22.0,19,6,421.0,67,142,0.47200000000000003,20,47,0.426,14,15,0.9329999999999999,8,35,43,49,19,2,19,36,168,Ky Bowman
52,13,202340,2019-20,0,1610612747,LAL,29.0,10,10,274.0,41,84,0.488,8,28,0.28600000000000003,6,8,0.75,7,25,32,18,10,1,11,26,96,Avery Bradley
53,2,1628396,2019-20,0,1610612762,UTA,21.0,13,2,142.0,27,41,0.659,0,0,0.0,9,14,0.643,19,31,50,4,2,7,7,26,63,Tony Bradley
54,0,1629714,2019-20,0,1610612762,UTA,23.0,1,0,5.0,0,0,0.0,0,0,0.0,0,0,0.0,0,3,3,1,0,1,0,0,0,Jarrell Brantley
55,0,1629649,2019-20,0,1610612752,NYK,20.0,5,0,24.0,3,10,0.3,0,2,0.0,2,2,1.0,1,0,1,1,0,1,2,2,8,Ignas Brazdeikis
56,1,1628969,2019-20,0,1610612756,PHX,23.0,17,0,340.0,33,76,0.434,5,26,0.192,24,29,0.828,13,48,61,18,25,5,8,28,95,Mikal Bridges
57,1,1628970,2019-20,0,1610612766,CHA,21.0,19,19,600.0,97,209,0.46399999999999997,30,85,0.353,18,24,0.75,23,77,100,37,11,14,32,37,242,Miles Bridges
58,0,1629052,2019-20,0,1610612761,TOR,21.0,3,0,13.0,1,3,0.33299999999999996,1,1,1.0,0,0,0.0,0,1,1,1,1,0,0,0,3,Oshae Brissett
59,1,1629151,2019-20,0,1610612742,DAL,29.0,4,0,25.0,4,8,0.5,4,5,0.8,0,0,0.0,0,5,5,3,1,0,1,1,12,Ryan Broekhoff
60,3,1627763,2019-20,0,1610612754,IND,26.0,14,14,432.0,99,209,0.474,20,61,0.32799999999999996,48,50,0.96,9,59,68,114,13,3,39,29,266,Malcolm Brogdon
61,2,1628415,2019-20,0,1610612763,MEM,23.0,17,17,465.0,78,200,0.39,29,77,0.377,32,38,0.8420000000000001,18,40,58,35,18,7,25,66,217,Dillon Brooks
62,1,1628971,2019-20,0,1610612765,DET,23.0,18,14,490.0,55,127,0.433,10,29,0.345,18,33,0.545,15,57,72,65,19,10,36,52,138,Bruce Brown
63,3,1627759,2019-20,0,1610612738,BOS,23.0,15,15,500.0,106,219,0.484,25,70,0.35700000000000004,43,59,0.7290000000000001,17,92,109,31,19,4,25,46,280,Jaylen Brown
64,0,1629650,2019-20,0,1610612757,POR,20.0,4,0,15.0,3,7,0.429,0,0,0.0,2,4,0.5,2,7,9,0,1,0,1,4,8,Moses Brown
65,2,1628425,2019-20,0,1610612749,MIL,24.0,15,0,255.0,31,74,0.419,15,40,0.375,10,13,0.769,11,64,75,22,8,2,15,21,87,Sterling Brown
66,0,1629718,2019-20,0,1610612737,ATL,22.0,4,0,16.0,1,3,0.33299999999999996,1,1,1.0,4,4,1.0,2,1,3,0,0,1,0,0,7,Charles Brown Jr.
67,1,1628972,2019-20,0,1610612764,WAS,20.0,13,9,275.0,36,83,0.434,7,23,0.304,9,10,0.9,17,43,60,27,14,1,15,14,88,Troy Brown Jr.
68,1,1628973,2019-20,0,1610612742,DAL,23.0,17,3,295.0,51,108,0.47200000000000003,9,33,0.273,18,27,0.667,10,35,45,50,10,0,18,21,129,Jalen Brunson
69,2,1628418,2019-20,0,1610612764,WAS,22.0,16,16,458.0,96,167,0.575,10,34,0.294,35,45,0.778,38,102,140,42,8,18,22,39,237,Thomas Bryant
70,8,203504,2019-20,0,1610612755,PHI,27.0,6,0,105.0,14,41,0.341,4,10,0.4,6,8,0.75,4,7,11,20,2,1,2,5,38,Trey Burke
71,11,202692,2019-20,0,1610612744,GSW,28.0,16,7,454.0,77,191,0.40299999999999997,23,65,0.354,62,69,0.899,9,66,75,45,13,6,23,35,239,Alec Burks
72,1,1629126,2019-20,0,1610612760,OKC,25.0,9,0,75.0,12,30,0.4,5,16,0.313,2,2,1.0,2,15,17,2,1,0,3,8,31,Deonte Burton
73,10,202710,2019-20,0,1610612748,MIA,30.0,13,13,438.0,72,165,0.436,9,35,0.257,93,107,0.8690000000000001,25,45,70,87,34,11,33,16,246,Jimmy Butler
74,7,203998,2019-20,0,1610612763,MEM,24.0,10,0,87.0,14,32,0.43799999999999994,3,13,0.231,0,0,0.0,6,12,18,5,4,8,4,12,31,Bruno Caboclo
75,6,203484,2019-20,0,1610612747,LAL,26.0,18,8,412.0,56,124,0.452,22,53,0.415,14,18,0.778,9,30,39,24,13,3,15,30,148,Kentavious Caldwell-Pope
76,0,1628427,2019-20,0,1610612743,DEN,22.0,1,0,2.0,0,0,0.0,0,0,0.0,0,0,0.0,0,0,0,0,0,0,0,0,0,Vlatko Cancar
77,5,203991,2019-20,0,1610612745,HOU,25.0,15,15,478.0,100,157,0.637,0,0,0.0,19,43,0.442,56,164,220,15,13,30,23,43,219,Clint Capela
78,14,201960,2019-20,0,1610612759,SAS,33.0,9,0,100.0,7,22,0.318,3,11,0.273,4,4,1.0,7,19,26,9,1,2,5,14,21,DeMarre Carroll
79,1,1628975,2019-20,0,1610612756,PHX,24.0,13,2,196.0,20,49,0.408,12,30,0.4,4,4,1.0,3,22,25,24,12,5,15,21,56,Jevon Carter
80,25,1713,2019-20,0,1610612737,ATL,42.0,13,0,202.0,27,74,0.365,12,48,0.25,5,6,0.833,3,26,29,8,4,3,9,24,71,Vince Carter
81,1,1628976,2019-20,0,1610612741,CHI,20.0,19,19,545.0,92,158,0.5820000000000001,2,12,0.16699999999999998,52,75,0.693,71,114,185,17,11,16,26,77,238,Wendell Carter Jr.
82,10,203487,2019-20,0,1610612753,ORL,28.0,10,0,149.0,14,47,0.298,3,17,0.17600000000000002,16,20,0.8,11,20,31,13,8,6,8,17,47,Michael Carter-Williams
83,2,1627936,2019-20,0,1610612747,LAL,25.0,16,0,319.0,32,77,0.41600000000000004,10,35,0.28600000000000003,4,6,0.667,1,25,26,32,18,6,17,21,78,Alex Caruso
84,4,1626161,2019-20,0,1610612744,GSW,26.0,16,15,359.0,50,95,0.526,0,0,0.0,13,17,0.765,20,80,100,28,18,18,15,43,113,Willie Cauley-Stein
85,20,2199,2019-20,0,1610612745,HOU,37.0,16,3,146.0,11,15,0.733,0,0,0.0,5,9,0.556,18,28,46,6,4,7,6,22,27,Tyson Chandler
86,0,1629597,2019-20,0,1610612740,NOP,24.0,2,0,20.0,1,4,0.25,0,1,0.0,0,0,0.0,0,3,3,1,0,0,1,3,2,Zylan Cheatham
87,1,1629185,2019-20,0,1610612764,WAS,24.0,3,0,37.0,2,9,0.222,2,4,0.5,0,0,0.0,0,4,4,7,2,2,3,6,6,Chris Chiozza
88,5,1627737,2019-20,0,1610612744,GSW,22.0,18,1,316.0,50,99,0.505,3,14,0.214,30,36,0.833,26,58,84,37,16,19,26,38,133,Marquese Chriss
89,1,1629109,2019-20,0,1610612745,HOU,25.0,5,0,39.0,7,14,0.5,4,10,0.4,0,0,0.0,3,6,9,2,1,1,0,5,18,Gary Clark
90,0,1629634,2019-20,0,1610612763,MEM,23.0,16,1,352.0,87,137,0.635,9,20,0.45,17,20,0.85,24,76,100,20,9,16,17,26,200,Brandon Clarke
91,7,203903,2019-20,0,1610612739,CLE,27.0,18,0,408.0,84,199,0.42200000000000004,32,89,0.36,61,69,0.884,11,30,41,43,11,6,21,21,261,Jordan Clarkson
92,0,1629651,2019-20,0,1610612751,BKN,20.0,9,0,119.0,11,21,0.524,0,5,0.0,5,12,0.41700000000000004,8,14,22,11,1,5,6,10,27,Nicolas Claxton
93,0,1629598,2019-20,0,1610612745,HOU,22.0,12,0,101.0,18,42,0.429,14,35,0.4,3,4,0.75,2,7,9,6,2,2,5,11,53,Chris Clemons
94,2,1628381,2019-20,0,1610612737,ATL,22.0,5,5,161.0,32,61,0.525,9,19,0.474,12,17,0.706,10,34,44,8,5,10,7,17,85,John Collins
95,2,1628380,2019-20,0,1610612757,POR,22.0,3,3,86.0,9,19,0.474,3,7,0.429,6,6,1.0,4,8,12,6,0,2,6,11,27,Zach Collins
96,12,201144,2019-20,0,1610612762,UTA,32.0,18,18,548.0,84,228,0.368,33,95,0.34700000000000003,56,71,0.789,12,49,61,84,13,2,39,40,257,Mike Conley
97,4,1626192,2019-20,0,1610612749,MIL,26.0,16,0,280.0,36,75,0.48,15,46,0.326,6,6,1.0,7,48,55,24,3,10,8,16,93,Pat Connaughton
98,5,1626188,2019-20,0,1610612747,LAL,26.0,15,0,216.0,32,77,0.41600000000000004,9,28,0.321,2,3,0.667,4,16,20,27,6,1,12,9,75,Quinn Cook
99,0,1629076,2019-20,0,1610612739,CLE,22.0,6,0,17.0,5,6,0.833,0,0,0.0,2,2,1.0,3,2,5,0,1,0,1,1,12,Tyler Cook
100,8,203496,2019-20,0,1610612750,MIN,28.0,17,17,460.0,69,156,0.442,32,93,0.344,35,40,0.875,13,81,94,20,24,17,27,47,205,Robert Covington
101,6,203459,2019-20,0,1610612737,ATL,27.0,8,0,155.0,18,46,0.391,6,26,0.231,5,7,0.7140000000000001,5,19,24,7,4,2,4,5,47,Allen Crabbe
102,2,1628470,2019-20,0,1610612743,DEN,28.0,13,2,187.0,14,41,0.341,4,20,0.2,4,9,0.444,9,26,35,15,5,11,5,26,36,Torrey Craig
103,11,203109,2019-20,0,1610612763,MEM,29.0,17,17,526.0,63,149,0.423,40,109,0.36700000000000005,22,32,0.688,11,87,98,47,16,7,26,37,188,Jae Crowder
104,0,1629633,2019-20,0,1610612750,MIN,20.0,18,8,425.0,62,171,0.363,20,71,0.282,16,38,0.42100000000000004,18,36,54,42,17,9,26,40,160,Jarrett Culver
105,7,203552,2019-20,0,1610612742,DAL,29.0,15,9,314.0,40,91,0.44,21,56,0.375,17,19,0.895,6,18,24,24,9,3,12,25,118,Seth Curry
106,10,201939,2019-20,0,1610612744,GSW,31.0,4,4,112.0,27,66,0.409,9,37,0.243,18,18,1.0,4,16,20,26,5,2,15,10,81,Stephen Curry
107,9,203584,2019-20,0,1610612747,LAL,28.0,13,0,198.0,25,68,0.368,16,50,0.32,3,3,1.0,3,14,17,6,4,1,4,8,69,Troy Daniels
108,7,203076,2019-20,0,1610612747,LAL,26.0,17,17,593.0,154,323,0.47700000000000004,20,60,0.33299999999999996,115,131,0.878,43,110,153,61,27,48,45,42,443,Anthony Davis
109,11,202334,2019-20,0,1610612762,UTA,30.0,6,0,73.0,4,10,0.4,0,0,0.0,2,4,0.5,9,22,31,1,1,3,5,14,10,Ed Davis
110,0,1629056,2019-20,0,1610612761,TOR,22.0,17,0,264.0,42,86,0.488,21,48,0.43799999999999994,11,11,1.0,10,39,49,35,7,4,10,34,116,Terence Davis
111,10,201942,2019-20,0,1610612759,SAS,30.0,19,19,646.0,162,305,0.531,0,4,0.0,95,117,0.812,9,93,102,88,16,11,49,56,419,DeMar DeRozan
112,9,203473,2019-20,0,1610612758,SAC,30.0,17,4,260.0,38,91,0.418,10,42,0.23800000000000002,11,13,0.846,24,48,72,8,7,8,26,43,97,Dewayne Dedmon
113,8,203521,2019-20,0,1610612739,CLE,29.0,16,0,225.0,13,50,0.26,3,30,0.1,12,13,0.9229999999999999,4,20,24,37,6,1,15,27,41,Matthew Dellavedova
114,1,1628978,2019-20,0,1610612749,MIL,22.0,15,8,311.0,49,115,0.426,18,55,0.327,9,12,0.75,15,47,62,24,21,2,15,24,125,Donte DiVincenzo
115,3,1627767,2019-20,0,1610612756,PHX,23.0,12,0,121.0,31,38,0.816,0,0,0.0,8,9,0.889,9,25,34,6,0,4,6,12,70,Cheick Diallo
116,1,1628977,2019-20,0,1610612760,OKC,21.0,12,1,256.0,46,92,0.5,2,13,0.154,11,18,0.611,14,32,46,10,18,4,14,29,105,Hamidou Diallo
117,6,203476,2019-20,0,1610612750,MIN,29.0,14,2,177.0,30,64,0.469,7,21,0.33299999999999996,12,16,0.75,13,48,61,19,10,15,8,18,79,Gorgui Dieng
118,5,203915,2019-20,0,1610612751,BKN,26.0,19,8,548.0,122,292,0.418,36,114,0.316,104,120,0.867,3,46,49,113,15,11,45,66,384,Spencer Dinwiddie
119,1,1629029,2019-20,0,1610612742,DAL,20.0,17,17,577.0,165,340,0.485,52,158,0.32899999999999996,130,158,0.823,25,145,170,162,25,3,79,44,512,Luka Doncic
120,2,1628422,2019-20,0,1610612752,NYK,25.0,14,0,198.0,27,71,0.38,10,38,0.263,5,7,0.7140000000000001,2,21,23,13,6,3,7,10,69,Damyean Dotson
121,0,1629635,2019-20,0,1610612765,DET,18.0,1,0,2.0,0,1,0.0,0,1,0.0,0,0,0.0,0,0,0,0,0,0,0,0,0,Sekou Doumbouya
122,15,201609,2019-20,0,1610612748,MIA,33.0,16,1,460.0,79,177,0.446,35,86,0.40700000000000003,50,71,0.7040000000000001,4,47,51,80,11,4,45,26,243,Goran Dragic
123,7,203083,2019-20,0,1610612765,DET,26.0,18,18,618.0,133,245,0.5429999999999999,0,10,0.0,51,77,0.662,79,227,306,57,28,31,71,76,317,Andre Drummond
124,14,201162,2019-20,0,1610612747,LAL,34.0,10,0,72.0,4,9,0.444,4,6,0.667,0,0,0.0,0,8,8,6,1,1,1,8,12,Jared Dudley
125,3,1627739,2019-20,0,1610612741,CHI,25.0,19,0,381.0,50,121,0.413,6,38,0.158,9,13,0.6920000000000001,8,46,54,59,37,6,15,62,115,Kris Dunn
126,0,1629035,2019-20,0,1610612738,BOS,21.0,16,0,186.0,23,73,0.315,14,43,0.326,9,11,0.818,5,26,31,16,6,2,8,15,69,Carsen Edwards
127,5,1627740,2019-20,0,1610612751,BKN,22.0,1,0,3.0,0,0,0.0,0,0,0.0,0,0,0.0,0,0,0,0,0,0,0,0,0,Henry Ellenson
128,14,201961,2019-20,0,1610612752,NYK,32.0,14,1,213.0,24,70,0.34299999999999997,21,63,0.33299999999999996,4,6,0.667,0,24,24,13,2,2,10,14,73,Wayne Ellington
129,3,203954,2019-20,0,1610612755,PHI,25.0,14,14,413.0,103,224,0.46,18,56,0.321,82,105,0.7809999999999999,39,130,169,39,12,19,42,48,306,Joel Embiid
130,12,203516,2019-20,0,1610612755,PHI,29.0,18,0,286.0,45,85,0.529,13,34,0.382,17,24,0.708,24,37,61,12,8,4,12,35,120,James Ennis III
131,1,1629234,2019-20,0,1610612759,SAS,22.0,1,0,2.0,0,2,0.0,0,0,0.0,0,0,0.0,2,1,3,0,0,0,1,1,0,Drew Eubanks
132,1,1628980,2019-20,0,1610612744,GSW,22.0,3,0,43.0,5,12,0.41700000000000004,4,8,0.5,4,4,1.0,1,4,5,2,0,0,1,2,18,Jacob Evans
133,4,203957,2019-20,0,1610612762,UTA,24.0,5,0,36.0,2,7,0.28600000000000003,0,1,0.0,0,0,0.0,1,3,4,4,1,1,2,4,4,Dante Exum
134,0,1629605,2019-20,0,1610612738,BOS,23.0,1,0,4.0,2,4,0.5,0,0,0.0,0,0,0.0,0,3,3,0,0,0,1,2,4,Tacko Fall
135,11,202324,2019-20,0,1610612740,NOP,28.0,9,7,189.0,36,58,0.621,1,2,0.5,2,6,0.33299999999999996,31,49,80,19,5,4,14,21,75,Derrick Favors
136,2,1628390,2019-20,0,1610612760,OKC,21.0,16,16,412.0,34,76,0.447,20,52,0.385,6,7,0.857,11,20,31,17,9,6,10,50,94,Terrance Ferguson
137,0,1628981,2019-20,0,1610612737,ATL,21.0,18,0,230.0,34,62,0.5479999999999999,3,13,0.231,12,20,0.6,21,33,54,20,5,8,17,30,83,Bruno Fernando
138,5,1627812,2019-20,0,1610612758,SAC,26.0,13,0,164.0,21,52,0.40399999999999997,6,19,0.316,13,15,0.867,4,17,21,19,2,1,10,10,61,Yogi Ferrell
139,3,1627827,2019-20,0,1610612742,DAL,26.0,17,14,453.0,56,116,0.483,20,60,0.33299999999999996,20,30,0.667,31,60,91,17,11,6,17,33,152,Dorian Finney-Smith
140,3,1627854,2019-20,0,1610612759,SAS,26.0,19,19,517.0,85,215,0.395,46,132,0.348,29,32,0.9059999999999999,7,44,51,37,10,0,13,35,245,Bryn Forbes
141,7,203095,2019-20,0,1610612753,ORL,27.0,17,17,515.0,110,234,0.47,42,99,0.424,51,60,0.85,2,48,50,56,17,3,34,36,313,Evan Fournier
142,2,1628368,2019-20,0,1610612758,SAC,21.0,9,9,288.0,55,128,0.43,10,30,0.33299999999999996,44,62,0.71,5,31,36,63,7,5,37,27,164,De'Aaron Fox
143,11,204025,2019-20,0,1610612765,DET,29.0,10,4,124.0,8,38,0.21100000000000002,3,13,0.231,11,14,0.7859999999999999,3,6,9,30,8,1,12,17,30,Tim Frazier
144,1,1628982,2019-20,0,1610612753,ORL,23.0,2,0,8.0,1,5,0.2,0,1,0.0,0,0,0.0,1,0,1,1,0,0,0,0,2,Melvin Frazier Jr.
145,2,1628365,2019-20,0,1610612753,ORL,21.0,17,12,419.0,80,160,0.5,7,33,0.212,26,32,0.813,8,30,38,60,23,2,27,39,193,Markelle Fultz
146,0,1629117,2019-20,0,1610612758,SAC,22.0,7,0,47.0,5,16,0.313,1,8,0.125,5,9,0.556,4,4,8,3,2,2,3,6,16,Wenyen Gabriel
147,0,1629655,2019-20,0,1610612741,CHI,21.0,10,0,100.0,17,26,0.654,0,0,0.0,5,12,0.41700000000000004,11,10,21,1,0,6,1,15,39,Daniel Gafford
148,12,201568,2019-20,0,1610612760,OKC,31.0,17,17,509.0,92,211,0.436,46,114,0.40399999999999997,81,88,0.92,8,79,87,33,11,1,23,27,311,Danilo Gallinari
149,7,204038,2019-20,0,1610612765,DET,27.0,18,5,505.0,72,168,0.429,45,107,0.42100000000000004,42,46,0.9129999999999999,6,31,37,32,9,7,15,25,231,Langston Galloway
150,0,1629636,2019-20,0,1610612739,CLE,19.0,18,18,500.0,70,191,0.366,27,77,0.35100000000000003,20,24,0.833,4,24,28,53,16,0,49,25,187,Darius Garland
151,13,201188,2019-20,0,1610612761,TOR,34.0,17,17,483.0,33,104,0.317,20,53,0.377,13,17,0.765,12,100,112,59,9,17,24,53,99,Marc Gasol
152,17,200752,2019-20,0,1610612759,SAS,33.0,19,0,434.0,81,167,0.485,19,63,0.302,38,44,0.8640000000000001,26,90,116,39,6,10,29,28,219,Rudy Gay
153,9,202331,2019-20,0,1610612746,LAC,29.0,8,8,233.0,61,137,0.445,33,82,0.402,43,46,0.935,5,42,47,32,14,3,30,20,198,Paul George
154,12,201959,2019-20,0,1610612752,NYK,34.0,16,10,253.0,40,72,0.556,1,5,0.2,9,13,0.6920000000000001,33,39,72,19,8,1,11,38,90,Taj Gibson
155,1,1628385,2019-20,0,1610612758,SAC,21.0,7,0,52.0,11,25,0.44,0,0,0.0,2,2,1.0,3,4,7,5,2,3,5,13,24,Harry Giles III
156,1,1628983,2019-20,0,1610612760,OKC,21.0,17,17,586.0,120,265,0.45299999999999996,25,64,0.391,54,69,0.7829999999999999,14,72,86,53,15,10,36,30,319,Shai Gilgeous-Alexander
157,6,203497,2019-20,0,1610612762,UTA,27.0,16,16,553.0,77,118,0.653,0,0,0.0,60,93,0.645,51,173,224,16,16,33,38,55,214,Rudy Gobert
158,5,203932,2019-20,0,1610612753,ORL,24.0,14,14,426.0,67,159,0.42100000000000004,15,53,0.28300000000000003,34,47,0.723,23,64,87,40,9,7,19,34,183,Aaron Gordon
159,11,201569,2019-20,0,1610612745,HOU,30.0,9,2,265.0,34,110,0.309,21,74,0.284,9,14,0.643,3,14,17,7,5,2,12,21,98,Eric Gordon
160,1,1628984,2019-20,0,1610612766,CHA,24.0,19,9,632.0,110,270,0.40700000000000003,63,156,0.40399999999999997,59,74,0.797,16,53,69,143,12,3,63,33,342,Devonte' Graham
161,3,1626203,2019-20,0,1610612750,MIN,26.0,17,16,417.0,41,120,0.342,11,55,0.2,14,18,0.778,18,47,65,22,12,2,11,42,107,Treveon Graham
162,7,203924,2019-20,0,1610612743,DEN,25.0,16,0,350.0,56,128,0.43799999999999994,15,50,0.3,20,33,0.606,10,47,57,17,6,9,12,25,147,Jerami Grant
163,1,1627982,2019-20,0,1610612740,NOP,26.0,2,0,23.0,1,2,0.5,0,0,0.0,0,0,0.0,1,1,2,2,0,0,5,1,2,Josh Gray
164,10,201980,2019-20,0,1610612747,LAL,32.0,18,18,459.0,55,123,0.447,34,85,0.4,8,11,0.727,13,49,62,22,23,10,20,45,152,Danny Green
165,7,203110,2019-20,0,1610612744,GSW,29.0,11,11,320.0,35,90,0.389,9,31,0.29,15,21,0.7140000000000001,6,73,79,62,15,7,22,27,94,Draymond Green
166,9,203210,2019-20,0,1610612746,LAC,29.0,19,0,430.0,49,121,0.405,29,81,0.358,14,17,0.8240000000000001,28,106,134,9,12,7,19,48,141,JaMychal Green
167,0,1629750,2019-20,0,1610612738,BOS,26.0,12,0,76.0,16,29,0.552,2,8,0.25,2,5,0.4,2,8,10,3,4,0,3,10,36,Javonte Green
168,17,201145,2019-20,0,1610612762,UTA,33.0,18,1,347.0,40,113,0.354,22,63,0.349,35,46,0.7609999999999999,7,44,51,12,7,10,22,31,137,Jeff Green
169,11,201933,2019-20,0,1610612765,DET,30.0,6,6,178.0,39,92,0.424,10,36,0.278,33,40,0.825,9,23,32,20,2,2,18,9,121,Blake Griffin
170,0,1629741,2019-20,0,1610612763,MEM,24.0,17,0,272.0,34,91,0.374,13,42,0.31,9,9,1.0,9,25,34,27,6,4,18,17,90,Marko Guduric
171,0,1629060,2019-20,0,1610612764,WAS,21.0,16,16,429.0,84,176,0.47700000000000004,6,27,0.222,20,24,0.833,26,58,84,24,12,3,14,33,194,Rui Hachimura
172,0,1628985,2019-20,0,1610612760,OKC,24.0,2,0,15.0,1,4,0.25,0,2,0.0,3,4,0.75,0,1,1,2,0,0,1,1,5,Devon Hall
173,8,203501,2019-20,0,1610612742,DAL,27.0,17,4,396.0,70,172,0.40700000000000003,37,102,0.363,30,39,0.769,5,29,34,33,7,2,7,35,207,Tim Hardaway Jr.
174,10,201935,2019-20,0,1610612745,HOU,30.0,18,18,669.0,188,433,0.434,86,251,0.34299999999999997,217,251,0.865,17,93,110,141,29,9,95,56,679,James Harden
175,7,203090,2019-20,0,1610612746,LAC,26.0,19,9,418.0,43,87,0.494,9,26,0.34600000000000003,9,18,0.5,17,42,59,22,19,14,19,60,104,Maurice Harkless
176,0,1629607,2019-20,0,1610612756,PHX,22.0,1,0,2.0,0,1,0.0,0,1,0.0,0,0,0.0,0,0,0,0,0,0,0,0,0,Jared Harper
177,4,1626149,2019-20,0,1610612746,LAC,25.0,19,2,572.0,149,251,0.594,0,5,0.0,61,92,0.6629999999999999,57,88,145,46,17,24,37,46,359,Montrezl Harrell
178,5,203914,2019-20,0,1610612743,DEN,25.0,16,16,511.0,63,156,0.40399999999999997,21,63,0.33299999999999996,17,23,0.7390000000000001,7,46,53,29,19,4,16,35,164,Gary Harris
179,5,203925,2019-20,0,1610612751,BKN,28.0,19,19,606.0,101,212,0.47600000000000003,52,120,0.433,13,18,0.722,17,58,75,35,15,8,27,51,267,Joe Harris
180,16,202699,2019-20,0,1610612755,PHI,27.0,18,18,613.0,126,258,0.488,23,79,0.29100000000000004,45,59,0.763,13,119,132,60,20,13,35,51,320,Tobias Harris
181,2,1627885,2019-20,0,1610612741,CHI,26.0,12,4,117.0,17,43,0.395,3,9,0.33299999999999996,8,14,0.5710000000000001,5,22,27,17,5,4,5,14,45,Shaquille Harrison
182,2,1628404,2019-20,0,1610612740,NOP,24.0,11,4,303.0,45,99,0.455,24,63,0.381,21,26,0.8079999999999999,16,55,71,15,14,4,15,31,135,Josh Hart
183,1,1628392,2019-20,0,1610612745,HOU,21.0,6,0,73.0,8,10,0.8,0,0,0.0,8,9,0.889,5,15,20,2,1,3,4,11,24,Isaiah Hartenstein
184,16,2617,2019-20,0,1610612748,MIA,39.0,2,0,11.0,1,1,1.0,0,0,0.0,3,4,0.75,0,3,3,0,0,0,0,3,5,Udonis Haslem
185,0,1629637,2019-20,0,1610612740,NOP,19.0,15,6,290.0,47,76,0.618,0,2,0.0,26,42,0.619,27,34,61,11,11,15,15,50,120,Jaxson Hayes
186,9,202330,2019-20,0,1610612738,BOS,29.0,8,8,249.0,61,110,0.555,13,30,0.433,16,19,0.8420000000000001,6,51,57,33,6,2,15,15,151,Gordon Hayward
187,7,203089,2019-20,0,1610612739,CLE,28.0,1,0,8.0,1,2,0.5,0,1,0.0,1,6,0.16699999999999998,2,1,3,0,2,2,1,0,3,John Henson
188,0,1629608,2019-20,0,1610612761,TOR,22.0,2,0,8.0,1,2,0.5,0,1,0.0,0,0,0.0,0,4,4,0,1,0,1,3,2,Dewan Hernandez
189,3,1627823,2019-20,0,1610612743,DEN,24.0,9,0,122.0,12,26,0.462,7,17,0.41200000000000003,2,5,0.4,4,18,22,6,0,2,7,7,33,Juancho Hernangomez
190,5,1626195,2019-20,0,1610612766,CHA,25.0,6,0,48.0,7,17,0.41200000000000003,2,4,0.5,3,6,0.5,5,7,12,2,1,3,3,2,19,Willy Hernangomez
191,0,1629639,2019-20,0,1610612748,MIA,19.0,16,3,478.0,84,189,0.444,33,87,0.379,36,44,0.818,6,61,67,37,13,2,37,24,237,Tyler Herro
192,4,1626209,2019-20,0,1610612757,POR,24.0,18,4,328.0,30,83,0.361,10,29,0.345,19,23,0.826,11,72,83,18,12,2,18,41,89,Mario Hezonja
193,5,1627741,2019-20,0,1610612758,SAC,26.0,17,17,561.0,125,297,0.42100000000000004,66,171,0.386,32,36,0.889,15,61,76,40,12,7,50,43,348,Buddy Hield
194,15,201588,2019-20,0,1610612749,MIL,33.0,16,0,359.0,51,100,0.51,23,48,0.479,22,28,0.7859999999999999,17,34,51,49,12,2,11,32,147,George Hill
195,6,203524,2019-20,0,1610612763,MEM,28.0,15,0,265.0,28,65,0.431,15,38,0.395,9,14,0.643,8,38,46,25,11,1,13,25,80,Solomon Hill
196,0,1629658,2019-20,0,1610612757,POR,20.0,3,0,11.0,1,2,0.5,0,0,0.0,0,0,0.0,1,3,4,1,1,0,0,1,2,Jaylen Hoard
197,1,1628988,2019-20,0,1610612754,IND,23.0,15,8,341.0,57,141,0.40399999999999997,25,59,0.424,9,10,0.9,9,34,43,52,16,1,23,25,148,Aaron Holiday
198,10,201950,2019-20,0,1610612740,NOP,29.0,16,16,574.0,122,279,0.43700000000000006,30,87,0.345,35,45,0.778,18,65,83,117,34,11,58,40,309,Jrue Holiday
199,10,203200,2019-20,0,1610612754,IND,30.0,17,2,425.0,43,110,0.391,25,71,0.35200000000000004,19,23,0.826,8,57,65,30,12,10,10,32,130,Justin Holiday
200,4,1626178,2019-20,0,1610612761,TOR,24.0,10,0,224.0,40,71,0.563,0,2,0.0,20,28,0.7140000000000001,29,34,63,16,8,3,12,23,100,Rondae Hollis-Jefferson
201,4,1626158,2019-20,0,1610612758,SAC,26.0,17,13,457.0,79,122,0.648,0,0,0.0,28,36,0.778,41,97,138,14,13,26,18,68,186,Richaun Holmes
202,9,203918,2019-20,0,1610612757,POR,27.0,17,17,512.0,76,144,0.528,30,60,0.5,19,25,0.76,9,54,63,25,15,4,17,39,201,Rodney Hood
203,12,201143,2019-20,0,1610612755,PHI,33.0,17,17,530.0,100,212,0.47200000000000003,22,68,0.324,22,33,0.667,33,90,123,70,17,16,20,39,244,Al Horford
204,3,1627863,2019-20,0,1610612745,HOU,26.0,14,13,416.0,55,116,0.474,36,81,0.444,27,34,0.794,16,48,64,16,18,10,13,28,173,Danuel House Jr.
205,15,2730,2019-20,0,1610612747,LAL,33.0,18,0,366.0,49,65,0.754,0,0,0.0,25,45,0.556,39,91,130,15,6,26,19,73,123,Dwight Howard
206,1,1628989,2019-20,0,1610612737,ATL,21.0,10,3,225.0,32,75,0.42700000000000005,17,44,0.386,12,15,0.8,6,29,35,28,6,3,17,21,93,Kevin Huerter
207,0,1629631,2019-20,0,1610612737,ATL,21.0,18,18,563.0,77,193,0.39899999999999997,30,80,0.375,33,43,0.767,9,65,74,32,11,5,32,46,217,De'Andre Hunter
208,1,1628990,2019-20,0,1610612741,CHI,23.0,9,6,154.0,20,44,0.455,5,12,0.41700000000000004,19,29,0.655,1,32,33,8,5,2,12,12,64,Chandler Hutchison
209,12,201586,2019-20,0,1610612761,TOR,30.0,8,0,183.0,44,84,0.524,5,16,0.313,19,23,0.826,7,45,52,6,5,10,17,19,112,Serge Ibaka
210,18,101141,2019-20,0,1610612749,MIL,32.0,16,0,257.0,37,80,0.46299999999999997,11,41,0.268,17,20,0.85,20,60,80,9,8,6,5,30,102,Ersan Ilyasova
211,5,204060,2019-20,0,1610612762,UTA,32.0,18,1,496.0,44,122,0.361,25,82,0.305,16,20,0.8,5,73,78,62,15,2,26,41,129,Joe Ingles
212,3,1627742,2019-20,0,1610612740,NOP,22.0,14,14,468.0,129,268,0.48100000000000004,36,85,0.424,68,84,0.81,13,90,103,56,11,14,43,40,362,Brandon Ingram
213,8,202681,2019-20,0,1610612751,BKN,27.0,11,11,372.0,112,252,0.444,31,91,0.341,59,63,0.937,10,49,59,79,12,6,26,32,314,Kyrie Irving
214,2,1628371,2019-20,0,1610612753,ORL,22.0,15,15,458.0,76,159,0.478,21,59,0.35600000000000004,27,33,0.818,25,82,107,24,23,41,20,37,200,Jonathan Isaac
215,2,1628411,2019-20,0,1610612753,ORL,24.0,9,3,132.0,8,31,0.258,1,9,0.111,13,16,0.813,3,17,20,7,4,2,4,8,30,Wes Iwundu
216,1,1628402,2019-20,0,1610612740,NOP,21.0,17,1,277.0,49,126,0.389,20,60,0.33299999999999996,24,30,0.8,5,21,26,19,8,1,17,30,142,Frank Jackson
217,4,1628382,2019-20,0,1610612742,DAL,24.0,16,0,209.0,36,75,0.48,17,38,0.447,9,11,0.818,7,33,40,6,2,2,4,17,98,Justin Jackson
218,10,202704,2019-20,0,1610612765,DET,29.0,2,2,36.0,4,11,0.364,1,5,0.2,1,1,1.0,1,4,5,8,0,0,1,2,10,Reggie Jackson
219,1,1628991,2019-20,0,1610612763,MEM,20.0,16,16,425.0,90,192,0.469,34,80,0.425,33,42,0.7859999999999999,23,59,82,19,8,14,30,63,247,Jaren Jackson Jr.
220,0,1629713,2019-20,0,1610612758,SAC,22.0,8,0,97.0,15,32,0.469,3,10,0.3,1,6,0.16699999999999998,0,10,10,6,2,4,2,7,34,Justin James
221,16,2544,2019-20,0,1610612747,LAL,34.0,18,18,636.0,178,359,0.496,36,103,0.35,73,108,0.6759999999999999,19,112,131,198,23,11,64,27,465,LeBron James
222,1,1628518,2019-20,0,1610612753,ORL,26.0,3,0,9.0,3,3,1.0,0,0,0.0,0,0,0.0,2,1,3,2,0,0,1,0,6,Amile Jefferson
223,0,1629610,2019-20,0,1610612758,SAC,22.0,2,0,11.0,1,1,1.0,0,0,0.0,0,0,0.0,1,0,1,1,0,0,0,1,2,DaQuan Jeffries
224,1,1628993,2019-20,0,1610612754,IND,23.0,7,0,36.0,5,11,0.455,0,0,0.0,3,4,0.75,6,6,12,2,0,0,1,4,13,Alize Johnson
225,0,1629661,2019-20,0,1610612756,PHX,23.0,15,0,293.0,47,108,0.435,30,73,0.41100000000000003,16,17,0.941,11,31,42,11,9,5,10,26,140,Cameron Johnson
226,12,201949,2019-20,0,1610612748,MIA,32.0,6,0,68.0,8,18,0.444,2,9,0.222,2,4,0.5,2,9,11,4,3,2,4,5,20,James Johnson
227,0,1629640,2019-20,0,1610612759,SAS,20.0,1,0,2.0,0,1,0.0,0,0,0.0,0,0,0.0,0,0,0,0,0,0,0,0,0,Keldon Johnson
228,6,1626169,2019-20,0,1610612761,TOR,23.0,5,0,19.0,3,9,0.33299999999999996,1,4,0.25,0,0,0.0,2,5,7,0,1,0,4,6,7,Stanley Johnson
229,7,204020,2019-20,0,1610612756,PHX,27.0,17,3,345.0,41,105,0.39,18,53,0.34,18,24,0.75,5,29,34,41,6,6,18,27,118,Tyler Johnson
230,4,203999,2019-20,0,1610612743,DEN,24.0,16,16,490.0,105,225,0.467,16,66,0.242,32,41,0.78,34,132,166,96,19,8,41,53,258,Nikola Jokic
231,3,1627745,2019-20,0,1610612737,ATL,24.0,17,9,308.0,48,69,0.696,2,4,0.5,19,27,0.7040000000000001,26,35,61,13,9,16,11,55,117,Damian Jones
232,4,1626145,2019-20,0,1610612763,MEM,23.0,17,1,330.0,42,111,0.37799999999999995,5,28,0.179,15,21,0.7140000000000001,0,21,21,81,15,0,22,16,104,Tyus Jones
233,5,1627884,2019-20,0,1610612748,MIA,22.0,4,0,57.0,12,20,0.6,1,4,0.25,3,3,1.0,3,5,8,2,3,0,2,11,28,Derrick Jones Jr.
234,13,201599,2019-20,0,1610612751,BKN,31.0,16,3,342.0,50,75,0.667,0,0,0.0,21,33,0.636,36,112,148,32,7,18,16,34,121,DeAndre Jordan
235,8,202709,2019-20,0,1610612758,SAC,28.0,17,8,403.0,38,104,0.365,5,25,0.2,12,12,1.0,11,34,45,66,12,10,22,36,93,Cory Joseph
236,0,1629662,2019-20,0,1610612746,LAC,22.0,4,0,14.0,4,6,0.667,3,5,0.6,2,2,1.0,0,3,3,0,0,1,0,3,13,Mfiondu Kabengele
237,4,1626163,2019-20,0,1610612756,PHX,26.0,17,5,400.0,56,140,0.4,18,62,0.29,39,55,0.7090000000000001,14,76,90,35,5,7,20,35,169,Frank Kaminsky
238,12,202683,2019-20,0,1610612738,BOS,27.0,11,3,181.0,32,56,0.5710000000000001,0,1,0.0,18,28,0.643,29,38,67,13,9,5,9,13,82,Enes Kanter
239,2,1628379,2019-20,0,1610612765,DET,23.0,18,15,611.0,99,228,0.434,45,118,0.381,54,61,0.885,4,62,66,79,9,3,26,41,297,Luke Kennard
240,0,1629742,2019-20,0,1610612762,UTA,27.0,4,0,15.0,0,3,0.0,0,1,0.0,0,0,0.0,0,3,3,1,0,0,2,3,0,Stanton Kidd
241,7,203077,2019-20,0,1610612766,CHA,26.0,2,0,18.0,2,10,0.2,1,3,0.33299999999999996,2,2,1.0,1,5,6,1,0,0,1,3,7,Michael Kidd-Gilchrist
242,2,1628467,2019-20,0,1610612742,DAL,27.0,16,5,409.0,44,104,0.423,24,67,0.358,16,18,0.889,23,69,92,17,4,13,12,33,128,Maxi Kleber
243,11,202688,2019-20,0,1610612739,CLE,27.0,6,0,76.0,11,32,0.344,9,26,0.34600000000000003,2,4,0.5,1,6,7,12,2,0,6,8,33,Brandon Knight
244,1,1628995,2019-20,0,1610612752,NYK,20.0,18,1,357.0,45,117,0.385,24,63,0.381,27,42,0.643,9,43,52,26,10,4,13,31,141,Kevin Knox II
245,0,1629723,2019-20,0,1610612763,MEM,23.0,1,0,7.0,0,0,0.0,0,0,0.0,0,0,0.0,0,0,0,0,0,0,0,0,0,John Konchar
246,2,1627788,2019-20,0,1610612755,PHI,22.0,17,5,382.0,56,128,0.43799999999999994,29,80,0.363,12,15,0.8,4,34,38,14,4,5,14,30,153,Furkan Korkmaz
247,2,1628436,2019-20,0,1610612741,CHI,24.0,11,0,126.0,15,44,0.341,5,24,0.20800000000000002,5,5,1.0,5,15,20,6,2,9,3,12,40,Luke Kornet
248,22,2594,2019-20,0,1610612749,MIL,38.0,15,0,217.0,29,75,0.387,24,62,0.387,6,8,0.75,6,15,21,3,5,4,12,12,88,Kyle Korver
249,1,1629066,2019-20,0,1610612751,BKN,21.0,10,0,99.0,9,23,0.391,3,7,0.429,2,6,0.33299999999999996,5,17,22,1,5,0,12,16,23,Rodions Kurucs
250,2,1628398,2019-20,0,1610612747,LAL,24.0,14,1,322.0,63,135,0.467,25,69,0.36200000000000004,21,27,0.778,6,46,52,11,2,5,24,29,172,Kyle Kuzma
251,5,203897,2019-20,0,1610612741,CHI,24.0,19,19,604.0,148,338,0.43799999999999994,54,136,0.397,65,79,0.823,15,61,76,74,25,10,65,50,415,Zach LaVine
252,5,1627746,2019-20,0,1610612757,POR,23.0,19,0,317.0,54,94,0.574,2,6,0.33299999999999996,15,22,0.682,41,55,96,21,4,21,22,51,125,Skal Labissiere
253,7,203087,2019-20,0,1610612754,IND,27.0,8,8,256.0,51,110,0.46399999999999997,11,35,0.314,23,26,0.885,6,43,49,22,9,6,10,20,136,Jeremy Lamb
254,0,1629641,2019-20,0,1610612738,BOS,20.0,1,0,0.0,0,0,0.0,0,0,0.0,0,0,0.0,0,0,0,0,0,0,0,0,0,Romeo Langford
255,3,1627774,2019-20,0,1610612750,MIN,25.0,14,2,369.0,61,132,0.462,19,54,0.35200000000000004,6,10,0.6,12,29,41,11,12,10,18,31,147,Jake Layman
256,3,1627747,2019-20,0,1610612751,BKN,25.0,9,9,284.0,59,140,0.42100000000000004,13,36,0.361,20,31,0.645,10,35,45,36,6,1,31,20,151,Caris LeVert
257,2,1628388,2019-20,0,1610612754,IND,22.0,15,1,158.0,26,58,0.44799999999999995,5,11,0.455,5,8,0.625,20,37,57,6,7,3,6,14,62,TJ Leaf
258,17,201584,2019-20,0,1610612742,DAL,34.0,5,3,47.0,10,17,0.588,4,7,0.5710000000000001,0,0,0.0,0,2,2,3,0,2,0,5,24,Courtney Lee
259,2,1627814,2019-20,0,1610612744,GSW,27.0,11,0,241.0,35,91,0.385,12,35,0.34299999999999997,28,33,0.848,9,34,43,20,8,0,13,18,110,Damion Lee
260,6,203458,2019-20,0,1610612737,ATL,26.0,17,9,273.0,36,84,0.429,4,25,0.16,22,34,0.647,22,51,73,16,5,16,18,35,98,Alex Len
261,8,202695,2019-20,0,1610612746,LAC,28.0,13,13,414.0,119,269,0.442,22,72,0.306,76,91,0.835,14,90,104,70,26,11,47,31,336,Kawhi Leonard
262,7,203086,2019-20,0,1610612748,MIA,27.0,17,17,324.0,44,74,0.595,15,29,0.517,4,8,0.5,5,66,71,14,6,8,15,38,107,Meyers Leonard
263,7,203081,2019-20,0,1610612757,POR,29.0,17,17,629.0,144,324,0.444,56,151,0.371,120,129,0.93,11,73,84,125,19,9,46,37,464,Damian Lillard
264,0,1629642,2019-20,0,1610612757,POR,19.0,12,3,196.0,22,54,0.40700000000000003,5,22,0.22699999999999998,11,18,0.611,16,33,49,6,5,4,6,26,60,Nassir Little
265,4,1626172,2019-20,0,1610612744,GSW,23.0,1,1,10.0,1,4,0.25,1,1,1.0,0,0,0.0,5,4,9,1,0,0,1,3,3,Kevon Looney
266,11,201572,2019-20,0,1610612749,MIL,31.0,18,18,487.0,65,160,0.406,28,94,0.298,37,40,0.925,11,76,87,27,13,45,20,42,195,Brook Lopez
267,11,201577,2019-20,0,1610612749,MIL,31.0,18,0,241.0,32,65,0.49200000000000005,7,26,0.26899999999999996,7,13,0.5379999999999999,15,30,45,8,3,9,23,30,78,Robin Lopez
268,11,201567,2019-20,0,1610612739,CLE,31.0,15,15,474.0,77,175,0.44,32,91,0.35200000000000004,74,84,0.8809999999999999,16,154,170,39,11,6,44,23,260,Kevin Love
269,15,200768,2019-20,0,1610612761,TOR,33.0,8,8,289.0,54,113,0.478,29,68,0.426,37,42,0.8809999999999999,2,32,34,52,9,3,27,23,174,Kyle Lowry
270,5,1627789,2019-20,0,1610612751,BKN,24.0,2,0,6.0,0,2,0.0,0,1,0.0,1,2,0.5,0,0,0,0,0,0,0,0,1,Timothe Luwawu-Cabarrot
271,4,1626168,2019-20,0,1610612759,SAS,24.0,19,14,329.0,29,62,0.46799999999999997,14,33,0.424,5,9,0.556,28,92,120,22,3,5,15,22,77,Trey Lyles
272,1,1629133,2019-20,0,1610612748,MIA,24.0,3,0,13.0,1,3,0.33299999999999996,1,2,0.5,0,0,0.0,0,0,0,1,0,0,2,1,3,Daryl Macon
273,1,203705,2019-20,0,1610612753,ORL,30.0,2,0,8.0,2,5,0.4,0,0,0.0,0,0,0.0,1,1,2,2,2,0,0,0,4,Josh Magette
274,5,1627748,2019-20,0,1610612765,DET,22.0,17,0,208.0,19,39,0.48700000000000004,6,13,0.462,16,31,0.516,10,25,35,9,6,12,10,28,60,Thon Maker
275,0,1629611,2019-20,0,1610612746,LAC,23.0,14,3,117.0,13,27,0.48100000000000004,1,6,0.16699999999999998,6,7,0.857,1,15,16,17,4,0,7,15,33,Terance Mann
276,8,1626246,2019-20,0,1610612742,DAL,31.0,8,1,104.0,24,48,0.5,0,1,0.0,10,12,0.833,12,25,37,5,2,1,7,14,58,Boban Marjanovic
277,2,1628374,2019-20,0,1610612741,CHI,22.0,19,19,556.0,76,215,0.353,29,103,0.282,71,87,0.816,18,114,132,33,17,10,37,35,252,Lauri Markkanen
278,0,1628997,2019-20,0,1610612766,CHA,24.0,3,0,25.0,2,9,0.222,0,3,0.0,1,3,0.33299999999999996,0,4,4,3,1,2,3,2,5,Caleb Martin
279,0,1628998,2019-20,0,1610612766,CHA,24.0,16,0,189.0,15,42,0.35700000000000004,1,18,0.055999999999999994,15,22,0.682,8,28,36,18,13,1,7,19,46,Cody Martin
280,0,1629103,2019-20,0,1610612750,MIN,24.0,8,0,116.0,15,44,0.341,5,24,0.20800000000000002,0,0,0.0,2,23,25,2,1,1,3,18,35,Kelan Martin
281,0,1629726,2019-20,0,1610612764,WAS,23.0,2,0,14.0,0,2,0.0,0,2,0.0,0,0,0.0,0,1,1,2,0,0,1,3,0,Garrison Mathews
282,13,202083,2019-20,0,1610612749,MIL,33.0,18,18,445.0,50,112,0.446,31,80,0.38799999999999996,17,21,0.81,2,37,39,23,11,2,16,21,148,Wesley Matthews
283,5,1627775,2019-20,0,1610612761,TOR,24.0,2,0,40.0,3,5,0.6,1,3,0.33299999999999996,1,2,0.5,2,4,6,3,3,0,3,3,8,Patrick McCaw
284,6,203468,2019-20,0,1610612757,POR,28.0,19,19,698.0,169,387,0.43700000000000006,48,128,0.375,34,42,0.81,16,69,85,74,15,15,40,55,420,CJ McCollum
285,4,204456,2019-20,0,1610612754,IND,27.0,15,0,270.0,51,99,0.515,1,3,0.33299999999999996,8,9,0.889,8,37,45,73,10,3,23,20,111,T.J. McConnell
286,0,1629667,2019-20,0,1610612766,CHA,21.0,1,0,3.0,1,2,0.5,0,0,0.0,0,0,0.0,1,0,1,0,0,0,0,0,2,Jalen McDaniels
287,9,203926,2019-20,0,1610612754,IND,27.0,17,0,361.0,57,131,0.435,28,63,0.444,8,10,0.8,7,43,50,20,2,2,16,31,150,Doug McDermott
288,15,201580,2019-20,0,1610612747,LAL,31.0,18,18,299.0,56,91,0.615,0,0,0.0,11,19,0.579,34,73,107,13,10,21,14,35,123,JaVale McGee
289,3,203585,2019-20,0,1610612746,LAC,28.0,15,2,260.0,23,60,0.38299999999999995,11,35,0.314,3,8,0.375,11,25,36,12,4,3,7,26,60,Rodney McGruder
290,2,1628035,2019-20,0,1610612739,CLE,27.0,12,0,141.0,14,33,0.424,7,15,0.467,6,9,0.667,5,23,28,3,5,3,6,16,41,Alfonzo McKinnie
291,0,1629162,2019-20,0,1610612750,MIN,23.0,4,0,57.0,4,15,0.267,1,8,0.125,2,2,1.0,1,6,7,8,1,0,4,4,11,Jordan McLaughlin
292,6,203463,2019-20,0,1610612745,HOU,26.0,18,4,362.0,40,120,0.33299999999999996,30,103,0.29100000000000004,21,25,0.84,7,27,34,15,12,3,11,34,131,Ben McLemore
293,5,203895,2019-20,0,1610612764,WAS,28.0,10,0,169.0,32,64,0.5,10,21,0.47600000000000003,11,12,0.917,2,22,24,26,5,4,10,20,85,Jordan McRae
294,0,1629740,2019-20,0,1610612740,NOP,28.0,16,3,263.0,34,74,0.45899999999999996,19,50,0.38,16,20,0.8,12,36,48,21,10,3,12,31,103,Nicolo Melli
295,1,1629001,2019-20,0,1610612763,MEM,21.0,7,0,57.0,8,21,0.381,3,8,0.375,2,4,0.5,1,7,8,9,6,1,6,5,21,De'Anthony Melton
296,1,1629002,2019-20,0,1610612759,SAS,22.0,6,0,21.0,7,12,0.583,0,0,0.0,2,4,0.5,7,4,11,2,0,2,0,0,16,Chimezie Metu
297,7,203114,2019-20,0,1610612749,MIL,28.0,11,10,327.0,70,152,0.461,25,65,0.385,36,41,0.878,8,52,60,32,10,1,23,31,201,Khris Middleton
298,16,101139,2019-20,0,1610612764,WAS,32.0,10,0,161.0,19,59,0.322,11,35,0.314,15,20,0.75,4,8,12,12,10,4,4,14,64,CJ Miles
299,2,1626259,2019-20,0,1610612761,TOR,26.0,6,1,39.0,6,9,0.667,5,8,0.625,1,2,0.5,0,5,5,2,0,0,2,3,18,Malcolm Miller
300,10,201988,2019-20,0,1610612759,SAS,31.0,19,1,429.0,76,159,0.478,40,90,0.444,25,31,0.8059999999999999,4,21,25,40,18,4,22,31,217,Patty Mills
301,13,200794,2019-20,0,1610612743,DEN,34.0,16,16,423.0,74,153,0.484,20,41,0.488,57,65,0.877,34,63,97,21,14,13,16,45,225,Paul Millsap
302,1,1629003,2019-20,0,1610612755,PHI,23.0,8,0,70.0,10,29,0.345,4,17,0.235,6,7,0.857,1,6,7,4,1,0,12,13,30,Shake Milton
303,2,1628378,2019-20,0,1610612762,UTA,23.0,18,18,625.0,168,373,0.45,42,111,0.37799999999999995,83,99,0.838,19,73,92,67,23,5,40,44,461,Donovan Mitchell
304,2,1628513,2019-20,0,1610612754,IND,26.0,3,0,43.0,6,16,0.375,2,11,0.182,0,0,0.0,0,6,6,7,1,1,2,1,14,Naz Mitrou-Long
305,2,1628370,2019-20,0,1610612766,CHA,21.0,19,0,399.0,75,164,0.457,21,74,0.284,23,28,0.821,6,43,49,43,7,4,28,32,194,Malik Monk
306,8,202734,2019-20,0,1610612740,NOP,30.0,13,3,277.0,54,124,0.435,18,45,0.4,10,16,0.625,13,27,40,21,5,1,8,25,136,E'Twaun Moore
307,0,1629630,2019-20,0,1610612763,MEM,20.0,16,16,457.0,114,245,0.465,14,34,0.41200000000000003,64,82,0.78,16,35,51,105,22,5,56,26,306,Ja Morant
308,12,202693,2019-20,0,1610612765,DET,30.0,18,12,419.0,71,154,0.461,28,71,0.39399999999999996,22,30,0.733,8,61,69,28,12,4,31,43,192,Markieff Morris
309,2,1628420,2019-20,0,1610612743,DEN,24.0,16,0,277.0,46,108,0.426,7,17,0.41200000000000003,14,20,0.7,4,26,30,56,6,3,10,9,113,Monte Morris
310,10,202694,2019-20,0,1610612752,NYK,30.0,18,18,594.0,108,257,0.42,51,99,0.515,68,81,0.84,22,88,110,24,18,11,35,56,335,Marcus Morris Sr.
311,2,1628405,2019-20,0,1610612746,LAC,24.0,2,0,4.0,1,3,0.33299999999999996,1,1,1.0,0,0,0.0,1,1,2,2,0,0,2,1,3,Johnathan Motley
312,6,1626144,2019-20,0,1610612762,UTA,23.0,15,0,249.0,52,101,0.515,7,23,0.304,17,22,0.773,5,38,43,37,6,4,30,26,128,Emmanuel Mudiay
313,2,1627749,2019-20,0,1610612759,SAS,23.0,16,13,360.0,65,136,0.478,4,20,0.2,30,39,0.769,20,84,104,66,23,5,39,39,164,Dejounte Murray
314,3,1627750,2019-20,0,1610612743,DEN,22.0,16,16,527.0,114,259,0.44,31,87,0.35600000000000004,41,46,0.8909999999999999,13,60,73,77,26,6,41,32,300,Jamal Murray
315,1,1629058,2019-20,0,1610612751,BKN,20.0,14,0,228.0,25,75,0.33299999999999996,7,38,0.184,19,26,0.731,7,34,41,16,7,1,21,13,76,Dzanan Musa
316,8,203488,2019-20,0,1610612760,OKC,28.0,13,0,150.0,15,52,0.28800000000000003,10,39,0.256,7,8,0.875,6,27,33,14,3,3,5,20,47,Mike Muscala
317,3,1629004,2019-20,0,1610612765,DET,22.0,13,0,205.0,20,48,0.41700000000000004,18,38,0.474,2,2,1.0,2,12,14,15,4,1,12,16,60,Svi Mykhailiuk
318,2,1627846,2019-20,0,1610612760,OKC,26.0,10,0,131.0,19,42,0.452,8,22,0.364,13,15,0.867,4,14,18,5,3,3,12,10,59,Abdel Nader
319,6,1626204,2019-20,0,1610612739,CLE,26.0,16,3,414.0,65,125,0.52,19,52,0.365,21,29,0.7240000000000001,34,87,121,21,19,6,14,26,170,Larry Nance Jr.
320,5,203894,2019-20,0,1610612750,MIN,28.0,6,0,133.0,13,43,0.302,7,31,0.226,14,16,0.875,1,14,15,27,9,3,12,4,47,Shabazz Napier
321,4,203526,2019-20,0,1610612755,PHI,27.0,15,2,182.0,25,50,0.5,7,15,0.467,2,2,1.0,2,14,16,23,7,2,15,9,59,Raul Neto
322,3,1627777,2019-20,0,1610612762,UTA,26.0,13,0,128.0,18,38,0.474,9,23,0.391,6,8,0.75,1,17,18,7,0,2,7,19,51,Georges Niang
323,7,203457,2019-20,0,1610612760,OKC,25.0,16,3,292.0,48,75,0.64,0,0,0.0,25,30,0.833,20,55,75,24,16,28,20,48,121,Nerlens Noel
324,0,1629668,2019-20,0,1610612747,LAL,21.0,2,0,5.0,0,1,0.0,0,0,0.0,0,0,0.0,0,1,1,0,0,0,0,0,0,Zach Norvell Jr.
325,0,1629669,2019-20,0,1610612750,MIN,20.0,2,0,15.0,1,4,0.25,0,3,0.0,1,1,1.0,0,1,1,3,0,0,1,1,3,Jaylen Nowell
326,2,1628373,2019-20,0,1610612752,NYK,21.0,17,13,452.0,40,106,0.377,14,44,0.318,13,17,0.765,8,31,39,61,26,10,18,46,107,Frank Ntilikina
327,0,1629134,2019-20,0,1610612748,MIA,24.0,17,17,499.0,111,232,0.478,40,99,0.40399999999999997,18,22,0.818,2,38,40,56,22,5,37,47,280,Kendrick Nunn
328,3,1628021,2019-20,0,1610612751,BKN,26.0,11,0,119.0,10,15,0.667,3,6,0.5,6,10,0.6,4,18,22,4,4,6,5,16,29,David Nwaba
329,2,1626220,2019-20,0,1610612762,UTA,26.0,18,17,521.0,36,73,0.493,21,44,0.47700000000000004,10,12,0.833,1,80,81,45,13,6,16,52,103,Royce O'Neale
330,7,203124,2019-20,0,1610612755,PHI,29.0,13,0,120.0,18,33,0.545,5,12,0.41700000000000004,2,6,0.33299999999999996,13,30,43,17,2,7,12,18,43,Kyle O'Quinn
331,2,1628400,2019-20,0,1610612738,BOS,24.0,18,1,229.0,17,41,0.415,8,23,0.348,5,8,0.625,4,22,26,6,5,1,4,17,47,Semi Ojeleye
332,6,1626143,2019-20,0,1610612740,NOP,23.0,11,5,193.0,42,64,0.6559999999999999,0,1,0.0,21,32,0.6559999999999999,21,31,52,13,4,13,17,32,105,Jahlil Okafor
333,1,1629059,2019-20,0,1610612756,PHX,22.0,12,0,137.0,20,48,0.41700000000000004,10,22,0.455,9,17,0.529,2,11,13,34,4,0,4,8,59,Elie Okobo
334,1,1629006,2019-20,0,1610612750,MIN,21.0,16,2,391.0,44,99,0.444,10,38,0.263,41,55,0.745,24,61,85,31,18,6,24,35,139,Josh Okogie
335,0,1629644,2019-20,0,1610612748,MIA,20.0,2,0,3.0,0,0,0.0,0,0,0.0,0,0,0.0,0,1,1,0,0,0,1,0,0,KZ Okpala
336,6,203482,2019-20,0,1610612748,MIA,28.0,17,0,402.0,51,112,0.455,30,68,0.441,19,22,0.8640000000000001,18,78,96,27,18,7,26,44,151,Kelly Olynyk
337,0,1629671,2019-20,0,1610612762,UTA,22.0,2,0,4.0,0,0,0.0,0,0,0.0,0,0,0.0,0,0,0,0,0,0,1,0,0,Miye Oni
338,2,1626224,2019-20,0,1610612739,CLE,24.0,18,18,534.0,60,149,0.40299999999999997,28,78,0.359,17,25,0.68,9,61,70,37,18,4,22,42,165,Cedi Osman
339,6,1626162,2019-20,0,1610612756,PHX,23.0,17,17,518.0,101,220,0.45899999999999996,24,71,0.33799999999999997,67,81,0.8270000000000001,23,74,97,28,22,9,29,52,293,Kelly Oubre Jr.
340,7,203953,2019-20,0,1610612737,ATL,24.0,18,13,508.0,131,253,0.518,21,72,0.292,37,52,0.7120000000000001,38,80,118,37,27,9,34,64,320,Jabari Parker
341,8,202718,2019-20,0,1610612737,ATL,31.0,2,0,19.0,3,7,0.429,2,5,0.4,0,0,0.0,1,2,3,0,3,0,1,1,8,Chandler Parsons
342,0,1629672,2019-20,0,1610612744,GSW,23.0,18,12,566.0,115,228,0.504,12,45,0.267,64,79,0.81,25,73,98,29,7,7,28,38,306,Eric Paschall
343,13,202335,2019-20,0,1610612746,LAC,30.0,17,11,243.0,26,70,0.371,21,54,0.389,4,8,0.5,12,36,48,13,2,2,6,14,77,Patrick Patterson
344,2,1628383,2019-20,0,1610612760,OKC,22.0,2,0,9.0,1,3,0.33299999999999996,0,1,0.0,0,0,0.0,0,2,2,0,0,0,1,4,2,Justin Patton
345,14,101108,2019-20,0,1610612760,OKC,34.0,17,17,518.0,85,188,0.452,29,74,0.392,76,86,0.884,5,65,70,96,30,0,35,39,275,Chris Paul
346,7,203901,2019-20,0,1610612752,NYK,25.0,4,3,102.0,11,29,0.379,5,8,0.625,5,6,0.833,3,9,12,15,10,0,7,8,32,Elfrid Payton
347,1,1629033,2019-20,0,1610612751,BKN,24.0,10,0,154.0,17,64,0.266,6,32,0.188,8,9,0.889,3,14,17,28,6,0,15,14,48,Theo Pinson
348,8,203486,2019-20,0,1610612743,DEN,29.0,16,0,267.0,46,79,0.5820000000000001,0,2,0.0,21,40,0.525,30,57,87,36,9,13,24,42,113,Mason Plumlee
349,3,1627751,2019-20,0,1610612759,SAS,24.0,19,5,334.0,45,80,0.563,0,0,0.0,16,28,0.5710000000000001,42,68,110,28,10,19,18,35,106,Jakob Poeltl
350,0,1629738,2019-20,0,1610612738,BOS,26.0,6,0,31.0,3,8,0.375,0,0,0.0,1,2,0.5,5,3,8,3,1,2,3,7,7,Vincent Poirier
351,0,1629044,2019-20,0,1610612761,TOR,21.0,1,0,6.0,2,3,0.667,0,1,0.0,0,0,0.0,0,1,1,2,0,0,0,2,4,Shamorie Ponds
352,0,1629673,2019-20,0,1610612744,GSW,20.0,19,9,495.0,54,200,0.27,24,102,0.235,35,40,0.875,4,47,51,45,12,4,28,43,167,Jordan Poole
353,0,1629645,2019-20,0,1610612739,CLE,19.0,17,1,355.0,43,109,0.39399999999999996,8,37,0.21600000000000003,19,25,0.76,6,45,51,34,14,4,22,45,113,Kevin Porter Jr.
354,0,1629008,2019-20,0,1610612743,DEN,21.0,10,0,90.0,15,34,0.441,2,10,0.2,5,8,0.625,8,15,23,4,0,3,6,13,37,Michael Porter Jr.
355,8,203490,2019-20,0,1610612741,CHI,26.0,9,9,226.0,35,84,0.41700000000000004,16,40,0.4,15,20,0.75,8,23,31,14,9,3,7,20,101,Otto Porter Jr.
356,6,1626171,2019-20,0,1610612752,NYK,24.0,18,2,405.0,67,165,0.406,21,51,0.41200000000000003,12,16,0.75,33,78,111,21,12,6,18,32,167,Bobby Portis
357,3,204001,2019-20,0,1610612742,DAL,24.0,16,16,499.0,105,256,0.41,37,100,0.37,45,65,0.6920000000000001,27,120,147,25,8,34,28,48,292,Kristaps Porzingis
358,7,203939,2019-20,0,1610612742,DAL,28.0,14,11,354.0,44,67,0.657,3,8,0.375,14,26,0.5379999999999999,23,36,59,18,10,6,16,38,105,Dwight Powell
359,4,1626181,2019-20,0,1610612761,TOR,26.0,17,9,463.0,70,160,0.43799999999999994,26,76,0.342,30,36,0.833,9,59,68,27,11,6,25,29,196,Norman Powell
360,3,1627752,2019-20,0,1610612751,BKN,25.0,19,19,573.0,90,221,0.40700000000000003,53,132,0.402,18,25,0.72,16,97,113,33,15,5,41,53,251,Taurean Prince
361,5,203944,2019-20,0,1610612752,NYK,24.0,18,18,587.0,113,253,0.447,18,67,0.26899999999999996,52,83,0.627,45,117,162,65,14,3,61,55,296,Julius Randle
362,0,1629629,2019-20,0,1610612737,ATL,20.0,16,14,395.0,40,136,0.294,13,60,0.217,26,33,0.7879999999999999,9,48,57,28,15,5,29,31,119,Cam Reddish
363,15,200755,2019-20,0,1610612740,NOP,35.0,17,13,479.0,79,178,0.444,59,123,0.48,43,51,0.843,4,46,50,32,8,5,24,26,260,JJ Redick
364,4,1626196,2019-20,0,1610612755,PHI,26.0,16,16,512.0,93,204,0.456,32,83,0.386,40,50,0.8,10,45,55,58,18,10,37,47,258,Josh Richardson
365,11,203085,2019-20,0,1610612745,HOU,27.0,18,1,423.0,50,125,0.4,20,71,0.282,16,23,0.696,11,33,44,22,8,2,11,31,136,Austin Rivers
366,1,1629130,2019-20,0,1610612748,MIA,25.0,17,12,425.0,60,135,0.444,44,110,0.4,12,12,1.0,2,39,41,13,13,7,12,42,176,Duncan Robinson
367,1,1629010,2019-20,0,1610612746,LAC,22.0,14,0,152.0,17,47,0.36200000000000004,8,24,0.33299999999999996,2,4,0.5,0,15,15,14,4,5,10,19,44,Jerome Robinson
368,0,1629620,2019-20,0,1610612764,WAS,22.0,4,0,12.0,2,5,0.4,1,1,1.0,0,0,0.0,1,2,3,2,0,0,2,0,5,Justin Robinson
369,1,1629011,2019-20,0,1610612752,NYK,21.0,14,6,276.0,52,72,0.722,0,0,0.0,27,37,0.73,39,48,87,9,9,28,13,47,131,Mitchell Robinson
370,7,203922,2019-20,0,1610612744,GSW,25.0,19,19,604.0,90,186,0.484,25,61,0.41,22,26,0.846,32,58,90,41,20,4,17,30,227,Glenn Robinson III
371,15,200765,2019-20,0,1610612747,LAL,33.0,8,0,171.0,24,61,0.39299999999999996,10,25,0.4,5,7,0.7140000000000001,4,22,26,44,9,0,15,10,63,Rajon Rondo
372,12,201565,2019-20,0,1610612765,DET,31.0,13,1,309.0,83,169,0.491,9,27,0.33299999999999996,36,40,0.9,6,18,24,70,11,6,38,17,211,Derrick Rose
373,9,203082,2019-20,0,1610612753,ORL,28.0,15,0,360.0,63,162,0.389,26,92,0.28300000000000003,25,29,0.862,5,40,45,15,14,3,18,24,177,Terrence Ross
374,4,1626179,2019-20,0,1610612766,CHA,25.0,19,19,613.0,114,269,0.424,43,117,0.368,55,64,0.8590000000000001,14,61,75,83,21,4,57,42,326,Terry Rozier
375,8,201937,2019-20,0,1610612756,PHX,29.0,12,12,364.0,53,133,0.39799999999999996,13,39,0.33299999999999996,36,42,0.857,7,58,65,93,15,0,25,33,155,Ricky Rubio
376,4,1626156,2019-20,0,1610612744,GSW,23.0,10,10,315.0,85,187,0.455,28,79,0.354,45,59,0.763,2,34,36,67,8,5,34,18,243,D'Angelo Russell
377,3,1627734,2019-20,0,1610612754,IND,23.0,15,15,510.0,112,220,0.509,5,19,0.263,55,67,0.821,57,142,199,54,10,9,39,52,284,Domantas Sabonis
378,6,203960,2019-20,0,1610612754,IND,26.0,9,7,166.0,23,41,0.561,2,10,0.2,2,7,0.28600000000000003,7,17,24,4,5,6,6,23,50,JaKarr Sampson
379,5,203967,2019-20,0,1610612756,PHX,25.0,17,17,468.0,67,158,0.424,31,79,0.392,17,21,0.81,28,90,118,34,18,7,25,41,182,Dario Saric
380,3,203107,2019-20,0,1610612741,CHI,28.0,19,19,495.0,66,143,0.462,25,57,0.439,18,21,0.857,17,47,64,97,28,3,41,42,175,Tomas Satoransky
381,0,1629678,2019-20,0,1610612764,WAS,22.0,6,0,52.0,7,10,0.7,4,7,0.5710000000000001,4,4,1.0,2,6,8,1,0,0,0,3,22,Admiral Schofield
382,6,203471,2019-20,0,1610612760,OKC,26.0,17,0,490.0,97,222,0.43700000000000006,22,77,0.28600000000000003,36,48,0.75,8,62,70,65,14,5,49,42,252,Dennis Schroder
383,9,203118,2019-20,0,1610612755,PHI,31.0,18,0,341.0,41,95,0.43200000000000005,21,59,0.35600000000000004,8,9,0.889,13,49,62,12,5,2,7,29,111,Mike Scott
384,15,200757,2019-20,0,1610612745,HOU,35.0,15,0,165.0,11,38,0.289,7,24,0.292,0,0,0.0,10,26,36,14,6,4,4,16,29,Thabo Sefolosha
385,1,1629012,2019-20,0,1610612739,CLE,20.0,18,18,549.0,123,282,0.436,23,70,0.32899999999999996,54,67,0.8059999999999999,17,43,60,41,13,1,34,38,323,Collin Sexton
386,3,1629013,2019-20,0,1610612746,LAC,22.0,10,10,294.0,30,77,0.39,21,58,0.36200000000000004,10,10,1.0,0,15,15,17,4,1,12,31,91,Landry Shamet
387,3,1627783,2019-20,0,1610612761,TOR,25.0,17,17,624.0,165,345,0.478,42,107,0.39299999999999996,70,85,0.8240000000000001,25,117,142,66,14,13,48,53,442,Pascal Siakam
388,0,1629735,2019-20,0,1610612748,MIA,23.0,16,0,162.0,25,37,0.6759999999999999,0,2,0.0,14,20,0.7,31,35,66,11,4,12,23,44,64,Chris Silva
389,2,1627732,2019-20,0,1610612755,PHI,23.0,16,16,542.0,87,160,0.544,1,2,0.5,28,48,0.583,25,89,114,130,36,9,61,53,203,Ben Simmons
390,1,1629014,2019-20,0,1610612757,POR,20.0,19,1,414.0,75,175,0.429,29,82,0.354,25,33,0.758,4,29,33,26,10,2,19,37,204,Anfernee Simons
391,5,203935,2019-20,0,1610612738,BOS,25.0,18,13,587.0,78,201,0.38799999999999996,41,122,0.336,29,33,0.879,16,46,62,89,26,9,20,42,226,Marcus Smart
392,19,202397,2019-20,0,1610612764,WAS,31.0,16,5,388.0,55,125,0.44,12,35,0.34299999999999997,8,13,0.615,10,43,53,68,12,7,18,25,130,Ish Smith
393,4,1628372,2019-20,0,1610612752,NYK,22.0,11,0,172.0,23,69,0.33299999999999996,7,22,0.318,5,8,0.625,9,9,18,29,6,1,16,26,58,Dennis Smith Jr.
394,6,203503,2019-20,0,1610612765,DET,28.0,14,13,372.0,43,95,0.45299999999999996,30,67,0.44799999999999995,4,4,1.0,5,17,22,23,7,2,6,25,120,Tony Snell
395,1,1629016,2019-20,0,1610612744,GSW,22.0,18,0,329.0,50,117,0.42700000000000005,14,37,0.37799999999999995,25,32,0.7809999999999999,44,60,104,20,12,13,24,24,139,Omari Spellman
396,0,1629622,2019-20,0,1610612741,CHI,23.0,1,0,5.0,2,3,0.667,0,1,0.0,1,1,1.0,1,0,1,0,0,0,0,1,5,Max Strus
397,2,1628410,2019-20,0,1610612754,IND,23.0,3,2,67.0,9,18,0.5,0,3,0.0,3,5,0.6,1,2,3,6,5,1,1,9,21,Edmond Sumner
398,4,1628403,2019-20,0,1610612758,SAC,22.0,4,0,11.0,1,2,0.5,0,0,0.0,1,2,0.5,1,3,4,0,1,2,3,3,3,Caleb Swanigan
399,2,1628369,2019-20,0,1610612738,BOS,21.0,18,18,619.0,135,330,0.409,40,112,0.35700000000000004,60,73,0.8220000000000001,26,103,129,45,26,10,40,41,370,Jayson Tatum
400,10,201952,2019-20,0,1610612750,MIN,31.0,14,11,408.0,54,131,0.41200000000000003,9,36,0.25,56,67,0.836,7,30,37,106,14,5,29,31,173,Jeff Teague
401,17,202066,2019-20,0,1610612751,BKN,33.0,19,10,503.0,61,148,0.41200000000000003,39,108,0.361,18,24,0.75,8,48,56,38,20,12,17,37,179,Garrett Temple
402,2,1628464,2019-20,0,1610612738,BOS,27.0,15,14,329.0,40,84,0.47600000000000003,2,13,0.154,19,27,0.7040000000000001,27,80,107,18,8,23,11,48,101,Daniel Theis
403,12,202738,2019-20,0,1610612764,WAS,30.0,14,11,343.0,65,153,0.425,27,68,0.397,11,13,0.846,1,21,22,74,6,3,31,29,168,Isaiah Thomas
404,1,1629017,2019-20,0,1610612765,DET,23.0,2,0,6.0,0,0,0.0,0,0,0.0,1,2,0.5,0,0,0,0,0,0,0,0,1,Khyri Thomas
405,0,1629744,2019-20,0,1610612761,TOR,25.0,12,0,136.0,20,37,0.541,14,26,0.5379999999999999,3,5,0.6,1,12,13,4,4,0,4,12,57,Matt Thomas
406,8,202684,2019-20,0,1610612739,CLE,28.0,17,17,536.0,102,195,0.523,3,7,0.429,36,56,0.643,69,105,174,39,14,22,27,41,243,Tristan Thompson
407,0,1629680,2019-20,0,1610612755,PHI,22.0,17,2,245.0,23,59,0.39,12,31,0.387,12,17,0.706,4,14,18,16,25,13,20,41,70,Matisse Thybulle
408,15,201229,2019-20,0,1610612757,POR,34.0,15,7,267.0,17,58,0.293,13,46,0.28300000000000003,9,11,0.818,9,41,50,11,3,6,10,20,56,Anthony Tolliver
409,4,1626157,2019-20,0,1610612750,MIN,24.0,16,16,527.0,142,277,0.513,63,142,0.444,73,92,0.7929999999999999,41,160,201,65,17,24,54,54,420,Karl-Anthony Towns
410,1,1629018,2019-20,0,1610612757,POR,20.0,11,1,93.0,15,33,0.455,11,23,0.478,0,0,0.0,3,9,12,5,2,2,2,7,41,Gary Trent Jr.
411,1,1629019,2019-20,0,1610612752,NYK,23.0,9,1,124.0,19,38,0.5,10,22,0.455,19,24,0.792,1,13,14,13,2,3,15,20,67,Allonzo Trier
412,10,200782,2019-20,0,1610612745,HOU,34.0,18,18,630.0,65,122,0.5329999999999999,34,75,0.45299999999999996,11,14,0.7859999999999999,25,84,109,24,27,9,16,58,175,P.J. Tucker
413,11,202323,2019-20,0,1610612737,ATL,31.0,10,0,126.0,19,44,0.43200000000000005,0,3,0.0,10,12,0.833,4,20,24,19,5,4,13,14,48,Evan Turner
414,4,1626167,2019-20,0,1610612754,IND,23.0,9,9,274.0,42,85,0.494,17,37,0.45899999999999996,8,11,0.727,14,43,57,9,4,23,17,21,109,Myles Turner
415,9,202685,2019-20,0,1610612763,MEM,27.0,17,17,412.0,93,169,0.55,10,28,0.35700000000000004,26,30,0.867,39,121,160,32,5,13,38,44,222,Jonas Valanciunas
416,2,1627756,2019-20,0,1610612741,CHI,26.0,5,0,32.0,9,21,0.429,5,13,0.385,0,0,0.0,2,7,9,2,1,0,1,2,23,Denzel Valentine
417,3,1627832,2019-20,0,1610612761,TOR,25.0,17,17,639.0,101,248,0.40700000000000003,42,111,0.37799999999999995,67,75,0.893,3,62,65,127,29,2,45,39,311,Fred VanVleet
418,1,1629020,2019-20,0,1610612743,DEN,20.0,3,0,9.0,0,0,0.0,0,0,0.0,0,0,0.0,0,2,2,1,0,0,1,0,0,Jarred Vanderbilt
419,7,203943,2019-20,0,1610612750,MIN,24.0,14,1,177.0,20,43,0.465,1,10,0.1,16,19,0.8420000000000001,17,34,51,15,4,3,13,20,57,Noah Vonleh
420,8,202696,2019-20,0,1610612753,ORL,29.0,14,14,431.0,95,211,0.45,16,50,0.32,33,39,0.846,41,121,162,49,9,15,20,27,239,Nikola Vucevic
421,0,1629731,2019-20,0,1610612739,CLE,23.0,3,0,18.0,1,2,0.5,1,1,1.0,0,0,0.0,0,2,2,0,1,0,0,3,3,Dean Wade
422,1,1629021,2019-20,0,1610612764,WAS,22.0,16,0,307.0,78,121,0.645,19,40,0.475,22,27,0.815,21,66,87,22,11,11,36,61,197,Moritz Wagner
423,8,202689,2019-20,0,1610612738,BOS,29.0,17,17,548.0,119,293,0.406,58,149,0.389,77,84,0.917,20,60,80,80,15,8,35,31,373,Kemba Walker
424,1,1629022,2019-20,0,1610612759,SAS,20.0,12,0,64.0,10,27,0.37,1,4,0.25,1,7,0.14300000000000002,2,9,11,4,0,1,3,5,22,Lonnie Walker IV
425,2,1627820,2019-20,0,1610612737,ATL,25.0,11,0,129.0,12,35,0.34299999999999997,0,10,0.0,11,17,0.647,3,16,19,12,5,0,9,16,35,Tyrone Wallace
426,1,1628476,2019-20,0,1610612746,LAC,24.0,3,0,9.0,1,1,1.0,1,1,1.0,0,0,0.0,0,0,0,1,0,0,1,2,3,Derrick Walton Jr.
427,1,202954,2019-20,0,1610612738,BOS,30.0,18,0,311.0,44,88,0.5,9,22,0.409,37,41,0.902,8,32,40,50,13,4,21,32,134,Brad Wanamaker
428,5,203933,2019-20,0,1610612754,IND,26.0,17,17,569.0,124,249,0.498,17,51,0.33299999999999996,31,39,0.795,11,47,58,17,20,6,24,43,296,T.J. Warren
429,0,1629023,2019-20,0,1610612766,CHA,21.0,19,19,522.0,82,165,0.49700000000000005,25,56,0.446,26,39,0.667,17,81,98,27,21,16,23,50,215,P.J. Washington
430,1,1629139,2019-20,0,1610612763,MEM,25.0,1,0,3.0,2,2,1.0,0,0,0.0,0,0,0.0,0,1,1,0,0,0,0,1,4,Yuta Watanabe
431,0,1629682,2019-20,0,1610612738,BOS,21.0,1,0,20.0,2,7,0.28600000000000003,1,5,0.2,2,2,1.0,0,2,2,3,1,2,2,2,7,Tremont Waters
432,11,201566,2019-20,0,1610612745,HOU,31.0,16,16,539.0,132,313,0.42200000000000004,20,89,0.225,76,106,0.7170000000000001,22,100,122,109,25,5,69,63,360,Russell Westbrook
433,0,1629632,2019-20,0,1610612741,CHI,19.0,19,0,487.0,89,243,0.366,38,116,0.32799999999999996,30,38,0.789,5,61,66,41,17,0,29,28,246,Coby White
434,2,1628401,2019-20,0,1610612759,SAS,25.0,17,5,403.0,57,125,0.456,13,36,0.361,40,51,0.784,10,31,41,51,8,13,20,45,167,Derrick White
435,7,202355,2019-20,0,1610612757,POR,30.0,16,16,439.0,98,164,0.598,0,0,0.0,47,59,0.797,58,138,196,15,6,27,32,45,243,Hassan Whiteside
436,5,203952,2019-20,0,1610612750,MIN,24.0,15,15,524.0,145,310,0.46799999999999997,35,99,0.354,54,79,0.684,18,63,81,49,10,17,27,36,379,Andrew Wiggins
437,0,1629684,2019-20,0,1610612738,BOS,20.0,17,0,244.0,12,49,0.245,0,21,0.0,12,15,0.8,12,26,38,14,8,12,14,29,36,Grant Williams
438,1,1629026,2019-20,0,1610612740,NOP,24.0,18,10,463.0,39,90,0.433,20,57,0.35100000000000003,8,19,0.42100000000000004,33,79,112,34,18,14,15,51,106,Kenrich Williams
439,16,101150,2019-20,0,1610612746,LAC,33.0,19,3,613.0,137,318,0.431,36,95,0.379,117,139,0.8420000000000001,12,56,68,117,11,3,60,28,427,Lou Williams
440,14,101107,2019-20,0,1610612766,CHA,33.0,19,0,371.0,51,100,0.51,23,57,0.40399999999999997,15,18,0.833,10,39,49,12,11,5,11,31,140,Marvin Williams
441,1,1629057,2019-20,0,1610612738,BOS,22.0,16,1,230.0,31,42,0.738,0,0,0.0,6,11,0.545,18,54,72,21,16,18,14,28,68,Robert Williams III
442,0,1628430,2019-20,0,1610612762,UTA,25.0,4,0,8.0,0,2,0.0,0,1,0.0,0,0,0.0,0,0,0,1,0,0,1,1,0,Nigel Williams-Goss
443,2,1628391,2019-20,0,1610612749,MIL,23.0,7,0,55.0,8,20,0.4,3,14,0.214,0,0,0.0,3,8,11,5,0,1,4,3,19,D.J. Wilson
444,4,1626159,2019-20,0,1610612748,MIA,23.0,6,5,215.0,31,82,0.37799999999999995,3,15,0.2,14,21,0.667,10,37,47,27,6,3,17,22,79,Justise Winslow
445,5,1626174,2019-20,0,1610612765,DET,24.0,16,0,232.0,48,80,0.6,11,24,0.45799999999999996,25,36,0.6940000000000001,17,50,67,6,5,17,12,13,132,Christian Wood
446,6,1626153,2019-20,0,1610612742,DAL,27.0,17,2,378.0,51,103,0.495,8,27,0.29600000000000004,24,30,0.8,14,45,59,52,19,6,13,20,134,Delon Wright
447,14,201152,2019-20,0,1610612741,CHI,31.0,19,0,408.0,68,168,0.405,21,65,0.32299999999999995,15,25,0.6,33,49,82,32,19,6,30,30,172,Thaddeus Young
448,1,1629027,2019-20,0,1610612737,ATL,21.0,17,17,581.0,150,344,0.436,52,144,0.361,102,122,0.836,9,67,76,146,25,1,81,21,454,Trae Young
449,6,203469,2019-20,0,1610612766,CHA,27.0,17,17,417.0,75,145,0.517,11,31,0.355,29,46,0.63,52,86,138,22,9,6,25,43,190,Cody Zeller
450,2,1627790,2019-20,0,1610612739,CLE,22.0,4,0,64.0,10,18,0.556,0,0,0.0,4,5,0.8,5,9,14,0,1,1,1,8,24,Ante Zizic
451,5,1627826,2019-20,0,1610612746,LAC,22.0,19,17,306.0,64,105,0.61,0,1,0.0,35,44,0.795,47,82,129,16,4,22,16,45,163,Ivica Zubac
